"Mike","320303197208083283","1234567890",1,51
"Jane","320106195609013289","0123456789",2,41
"Brown","124873197803032093","1112345378",2,21
"SuHai","283982198808082882","12348939849",1,81
"Helen","238087199909092345","13789873984",1,11
"Emma","320106200805293093","18637898739",1,19
"YangDong","980378198206045789","18139840388",2,36
"Alex","321090195506058934","18637874637",1,33
"Croci","320101198009188237","12874938748",2,38
"LiuFenh","100200200901010102","10776621689",2,37
"LiuFeng","100200200901010101","13776621689",1,37
"LiuFeng","100200200901010102","13776621689",1,37
"LiuFeng","100200200901010103","13776621689",2,37
"LiuFeng","100200200901010104","13776621689",2,37
"Johnson","100200200901010101","13776621689",1,37
"Johnson","100200200901010102","13776621689",1,37
"Johnson","100200200901010103","13776621689",2,37
"Johnson","100200200901010104","13776621689",2,37
"Novak","1000000000000001","896723001",2,26
"James","1000001","85632001",2,21
"Joke","1000002","85632002",1,22
"Pond","1000003","85632003",2,23
"Kevin","1000004","85632004",2,24
"Adobe","1000005","85632005",1,25
"Apple","1000006","85632006",2,26
"Amazon","1000007","85632007",1,27
"Wood","1000008","85632008",2,28
"Field","1000009","85632009",2,29
"Ford","1000010","85632010",1,30
"Street","1000011","85632011",2,31
"Cliff","1000012","85632012",2,32
"Tree","1000013","85632013",1,33
"Lane","1000014","85632014",2,34
"Bush","1000015","85632015",1,35
"Brook","1000016","85632016",2,36
"Love","1000017","85632017",2,37
"Lake","1000018","85632018",1,38
"Forest","1000019","85632019",2,39
"Parker","1000020","85632020",2,40
"Good","1000021","85632021",1,23
"Goodwin","1000022","85632022",1,24
"Jordan","1000023","85632023",2,25
"Newton","1000024","85632024",2,26
"Baker","1000025","85632025",2,27
"Web","1000026","85632026",2,28
"Win","1000027","85632027",2,29
"Webster","1000028","85632028",2,30
"Zoo","1000029","85632029",2,31
"Price","1000030","85632030",2,32
"Prince","1000031","85632031",2,33
"King","1000032","85632032",2,34
"Henry","1000033","85632033",2,35
"House","1000034","85632034",2,36
"Wall","1000035","85632035",2,37
"George","1000036","85632036",2,38
"Edward","1000037","85632037",2,39
"Smith","1000038","85632038",2,40
"Jones","1000039","85632039",2,41
"Taylor","1000040","85632040",2,42
"Williams","1000041","85632041",2,43
"Roberts","1000042","85632042",2,44
"Wright","1000043","85632043",2,45
"Green","1000044","85632044",2,46
"Hall","1000045","85632045",2,47
"Lewis","1000046","85632046",2,48
"Clarke","1000047","85632047",2,49
"White","1000048","85632048",2,50
"Blue","1000049","85632049",2,51
"Red","1000050","85632050",2,52
"Yellow","1000051","85632051",2,53
"Brown","1000052","85632052",2,54
"Jackson","1000053","85632053",2,55
"Harris","1000054","85632054",2,56
"Stewart","1000055","85632055",2,57
"Scott","1000056","85632056",2,58
"Anderson","1000057","85632057",2,59
"Reid","1000058","85632058",2,60
"Murray","1000059","85632059",2,61
"Pater","1000060","85632060",2,62
"Move","1000061","85632061",2,63
"Think","1000062","85632062",2,64
"Peer","1000063","85632063",2,65
"Delete","1000064","85632064",2,66
"Back","1000065","85632065",2,67
"End","1000066","85632066",2,68
"Escape","1000067","85632067",2,69
"Shift","1000068","85632068",2,70
"Swift","1000069","85632069",2,71
"Google","1000070","85632070",2,72
"Micro","1000071","85632071",2,73
"Soft","1000072","85632072",2,74
"Pad","1000073","85632073",2,75
"May","1000074","85632074",2,76
"Follow","1000075","85632075",2,77
"Gray","1000076","85632076",2,78
"Martin","1000077","85632077",2,79
"Allan","1000078","85632078",2,12
"Kelly","1000079","85632079",2,13
"Bell","1000080","85632080",2,14
"Kerr","1000081","85632081",2,15
"Hunter","1000082","85632082",2,16
"Black","1000083","85632083",2,17
"Moore","1000084","85632084",2,18
"Wilson","1000085","85632085",2,19
"Moore","1000086","85632086",2,20
"Baker","1000087","85632087",2,21
"Campbell","1000088","85632088",2,22
"Evans","1000089","85632089",2,23
"Turner","1000090","85632090",2,24
"Phillips","1000091","85632091",2,25
"Lopez","1000092","85632092",2,26
"Tim","1000093","85632093",2,27
"Cook","1000094","85632094",2,28
"Jobs","1000095","85632095",2,29
"Cox","1000096","85632096",2,30
"Murphy","1000097","85632097",2,31
"Coleman","1000098","85632098",2,32
"Butler","1000099","85632099",2,33
"Washington","1000100","85632100",2,34
