1,1,1,"Mike","320303197208083283",1
2,2,1,"Mike","320303197208083283",1
3,3,1,"Mike","320303197208083283",1
4,4,1,"Mike","320303197208083283",1
5,5,1,"Mike","320303197208083283",1
6,1,2,"Mike","320303197208083283",2
7,2,2,"Mike","320303197208083283",2
8,3,2,"Mike","320303197208083283",2
9,4,2,"Mike","320303197208083283",2
10,5,2,"Mike","320303197208083283",2
11,1,3,"Mike","320303197208083283",3
12,2,3,"Mike","320303197208083283",3
13,3,3,"Mike","320303197208083283",3
14,4,3,"Mike","320303197208083283",3
15,5,3,"Mike","320303197208083283",3
16,1,4,"Mike","320303197208083283",4
17,2,4,"Mike","320303197208083283",4
18,3,4,"Mike","320303197208083283",4
19,4,4,"Mike","320303197208083283",4
20,5,4,"Mike","320303197208083283",4
21,1,5,"Mike","320303197208083283",5
22,2,5,"Mike","320303197208083283",5
23,3,5,"Mike","320303197208083283",5
24,4,5,"Mike","320303197208083283",5
25,5,5,"Mike","320303197208083283",5
26,1,6,"Mike","320303197208083283",6
27,2,6,"Mike","320303197208083283",6
28,3,6,"Mike","320303197208083283",6
29,4,6,"Mike","320303197208083283",6
30,5,6,"Mike","320303197208083283",6
31,1,7,"Mike","320303197208083283",7
32,2,7,"Mike","320303197208083283",7
33,3,7,"Mike","320303197208083283",7
34,4,7,"Mike","320303197208083283",7
35,5,7,"Mike","320303197208083283",7
36,1,8,"Mike","320303197208083283",8
37,2,8,"Mike","320303197208083283",8
38,3,8,"Mike","320303197208083283",8
39,4,8,"Mike","320303197208083283",8
40,5,8,"Mike","320303197208083283",8
41,1,9,"Mike","320303197208083283",9
42,2,9,"Mike","320303197208083283",9
43,3,9,"Mike","320303197208083283",9
44,4,9,"Mike","320303197208083283",9
45,5,9,"Mike","320303197208083283",9
46,1,10,"Mike","320303197208083283",10
47,2,10,"Mike","320303197208083283",10
48,3,10,"Mike","320303197208083283",10
49,4,10,"Mike","320303197208083283",10
50,5,10,"Mike","320303197208083283",10
51,1,11,"Jane","320106195609013289",1
52,2,11,"Jane","320106195609013289",1
53,3,11,"Jane","320106195609013289",1
54,4,11,"Jane","320106195609013289",1
55,5,11,"Jane","320106195609013289",1
56,1,12,"Jane","320106195609013289",2
57,2,12,"Jane","320106195609013289",2
58,3,12,"Jane","320106195609013289",2
59,4,12,"Jane","320106195609013289",2
60,5,12,"Jane","320106195609013289",2
61,1,13,"Jane","320106195609013289",3
62,2,13,"Jane","320106195609013289",3
63,3,13,"Jane","320106195609013289",3
64,4,13,"Jane","320106195609013289",3
65,5,13,"Jane","320106195609013289",3
66,1,14,"Jane","320106195609013289",4
67,2,14,"Jane","320106195609013289",4
68,3,14,"Jane","320106195609013289",4
69,4,14,"Jane","320106195609013289",4
70,5,14,"Jane","320106195609013289",4
71,1,15,"Jane","320106195609013289",5
72,2,15,"Jane","320106195609013289",5
73,3,15,"Jane","320106195609013289",5
74,4,15,"Jane","320106195609013289",5
75,5,15,"Jane","320106195609013289",5
76,1,16,"Jane","320106195609013289",6
77,2,16,"Jane","320106195609013289",6
78,3,16,"Jane","320106195609013289",6
79,4,16,"Jane","320106195609013289",6
80,5,16,"Jane","320106195609013289",6
81,1,17,"Jane","320106195609013289",7
82,2,17,"Jane","320106195609013289",7
83,3,17,"Jane","320106195609013289",7
84,4,17,"Jane","320106195609013289",7
85,5,17,"Jane","320106195609013289",7
86,1,18,"Jane","320106195609013289",8
87,2,18,"Jane","320106195609013289",8
88,3,18,"Jane","320106195609013289",8
89,4,18,"Jane","320106195609013289",8
90,5,18,"Jane","320106195609013289",8
91,1,19,"Jane","320106195609013289",9
92,2,19,"Jane","320106195609013289",9
93,3,19,"Jane","320106195609013289",9
94,4,19,"Jane","320106195609013289",9
95,5,19,"Jane","320106195609013289",9
96,1,20,"Jane","320106195609013289",10
97,2,20,"Jane","320106195609013289",10
98,3,20,"Jane","320106195609013289",10
99,4,20,"Jane","320106195609013289",10
100,5,20,"Jane","320106195609013289",10
101,1,21,"Brown","124873197803032093",1
102,2,21,"Brown","124873197803032093",1
103,3,21,"Brown","124873197803032093",1
104,4,21,"Brown","124873197803032093",1
105,5,21,"Brown","124873197803032093",1
106,1,22,"Brown","124873197803032093",2
107,2,22,"Brown","124873197803032093",2
108,3,22,"Brown","124873197803032093",2
109,4,22,"Brown","124873197803032093",2
110,5,22,"Brown","124873197803032093",2
111,1,23,"Brown","124873197803032093",3
112,2,23,"Brown","124873197803032093",3
113,3,23,"Brown","124873197803032093",3
114,4,23,"Brown","124873197803032093",3
115,5,23,"Brown","124873197803032093",3
116,1,24,"Brown","124873197803032093",4
117,2,24,"Brown","124873197803032093",4
118,3,24,"Brown","124873197803032093",4
119,4,24,"Brown","124873197803032093",4
120,5,24,"Brown","124873197803032093",4
121,1,25,"Brown","124873197803032093",5
122,2,25,"Brown","124873197803032093",5
123,3,25,"Brown","124873197803032093",5
124,4,25,"Brown","124873197803032093",5
125,5,25,"Brown","124873197803032093",5
126,1,26,"Brown","124873197803032093",6
127,2,26,"Brown","124873197803032093",6
128,3,26,"Brown","124873197803032093",6
129,4,26,"Brown","124873197803032093",6
130,5,26,"Brown","124873197803032093",6
131,1,27,"Brown","124873197803032093",7
132,2,27,"Brown","124873197803032093",7
133,3,27,"Brown","124873197803032093",7
134,4,27,"Brown","124873197803032093",7
135,5,27,"Brown","124873197803032093",7
136,1,28,"Brown","124873197803032093",8
137,2,28,"Brown","124873197803032093",8
138,3,28,"Brown","124873197803032093",8
139,4,28,"Brown","124873197803032093",8
140,5,28,"Brown","124873197803032093",8
141,1,29,"Brown","124873197803032093",9
142,2,29,"Brown","124873197803032093",9
143,3,29,"Brown","124873197803032093",9
144,4,29,"Brown","124873197803032093",9
145,5,29,"Brown","124873197803032093",9
146,1,30,"Brown","124873197803032093",10
147,2,30,"Brown","124873197803032093",10
148,3,30,"Brown","124873197803032093",10
149,4,30,"Brown","124873197803032093",10
150,5,30,"Brown","124873197803032093",10
151,1,31,"SuHai","283982198808082882",1
152,2,31,"SuHai","283982198808082882",1
153,3,31,"SuHai","283982198808082882",1
154,4,31,"SuHai","283982198808082882",1
155,5,31,"SuHai","283982198808082882",1
156,1,32,"SuHai","283982198808082882",2
157,2,32,"SuHai","283982198808082882",2
158,3,32,"SuHai","283982198808082882",2
159,4,32,"SuHai","283982198808082882",2
160,5,32,"SuHai","283982198808082882",2
161,1,33,"SuHai","283982198808082882",3
162,2,33,"SuHai","283982198808082882",3
163,3,33,"SuHai","283982198808082882",3
164,4,33,"SuHai","283982198808082882",3
165,5,33,"SuHai","283982198808082882",3
166,1,34,"SuHai","283982198808082882",4
167,2,34,"SuHai","283982198808082882",4
168,3,34,"SuHai","283982198808082882",4
169,4,34,"SuHai","283982198808082882",4
170,5,34,"SuHai","283982198808082882",4
171,1,35,"SuHai","283982198808082882",5
172,2,35,"SuHai","283982198808082882",5
173,3,35,"SuHai","283982198808082882",5
174,4,35,"SuHai","283982198808082882",5
175,5,35,"SuHai","283982198808082882",5
176,1,36,"SuHai","283982198808082882",6
177,2,36,"SuHai","283982198808082882",6
178,3,36,"SuHai","283982198808082882",6
179,4,36,"SuHai","283982198808082882",6
180,5,36,"SuHai","283982198808082882",6
181,1,37,"SuHai","283982198808082882",7
182,2,37,"SuHai","283982198808082882",7
183,3,37,"SuHai","283982198808082882",7
184,4,37,"SuHai","283982198808082882",7
185,5,37,"SuHai","283982198808082882",7
186,1,38,"SuHai","283982198808082882",8
187,2,38,"SuHai","283982198808082882",8
188,3,38,"SuHai","283982198808082882",8
189,4,38,"SuHai","283982198808082882",8
190,5,38,"SuHai","283982198808082882",8
191,1,39,"SuHai","283982198808082882",9
192,2,39,"SuHai","283982198808082882",9
193,3,39,"SuHai","283982198808082882",9
194,4,39,"SuHai","283982198808082882",9
195,5,39,"SuHai","283982198808082882",9
196,1,40,"SuHai","283982198808082882",10
197,2,40,"SuHai","283982198808082882",10
198,3,40,"SuHai","283982198808082882",10
199,4,40,"SuHai","283982198808082882",10
200,5,40,"SuHai","283982198808082882",10
201,1,41,"Helen","238087199909092345",1
202,2,41,"Helen","238087199909092345",1
203,3,41,"Helen","238087199909092345",1
204,4,41,"Helen","238087199909092345",1
205,5,41,"Helen","238087199909092345",1
206,1,42,"Helen","238087199909092345",2
207,2,42,"Helen","238087199909092345",2
208,3,42,"Helen","238087199909092345",2
209,4,42,"Helen","238087199909092345",2
210,5,42,"Helen","238087199909092345",2
211,1,43,"Helen","238087199909092345",3
212,2,43,"Helen","238087199909092345",3
213,3,43,"Helen","238087199909092345",3
214,4,43,"Helen","238087199909092345",3
215,5,43,"Helen","238087199909092345",3
216,1,44,"Helen","238087199909092345",4
217,2,44,"Helen","238087199909092345",4
218,3,44,"Helen","238087199909092345",4
219,4,44,"Helen","238087199909092345",4
220,5,44,"Helen","238087199909092345",4
221,1,45,"Helen","238087199909092345",5
222,2,45,"Helen","238087199909092345",5
223,3,45,"Helen","238087199909092345",5
224,4,45,"Helen","238087199909092345",5
225,5,45,"Helen","238087199909092345",5
226,1,46,"Helen","238087199909092345",6
227,2,46,"Helen","238087199909092345",6
228,3,46,"Helen","238087199909092345",6
229,4,46,"Helen","238087199909092345",6
230,5,46,"Helen","238087199909092345",6
231,1,47,"Helen","238087199909092345",7
232,2,47,"Helen","238087199909092345",7
233,3,47,"Helen","238087199909092345",7
234,4,47,"Helen","238087199909092345",7
235,5,47,"Helen","238087199909092345",7
236,1,48,"Helen","238087199909092345",8
237,2,48,"Helen","238087199909092345",8
238,3,48,"Helen","238087199909092345",8
239,4,48,"Helen","238087199909092345",8
240,5,48,"Helen","238087199909092345",8
241,1,49,"Helen","238087199909092345",9
242,2,49,"Helen","238087199909092345",9
243,3,49,"Helen","238087199909092345",9
244,4,49,"Helen","238087199909092345",9
245,5,49,"Helen","238087199909092345",9
246,1,50,"Helen","238087199909092345",10
247,2,50,"Helen","238087199909092345",10
248,3,50,"Helen","238087199909092345",10
249,4,50,"Helen","238087199909092345",10
250,5,50,"Helen","238087199909092345",10
251,1,51,"Emma","320106200805293093",1
252,2,51,"Emma","320106200805293093",1
253,3,51,"Emma","320106200805293093",1
254,4,51,"Emma","320106200805293093",1
255,5,51,"Emma","320106200805293093",1
256,1,52,"Emma","320106200805293093",2
257,2,52,"Emma","320106200805293093",2
258,3,52,"Emma","320106200805293093",2
259,4,52,"Emma","320106200805293093",2
260,5,52,"Emma","320106200805293093",2
261,1,53,"Emma","320106200805293093",3
262,2,53,"Emma","320106200805293093",3
263,3,53,"Emma","320106200805293093",3
264,4,53,"Emma","320106200805293093",3
265,5,53,"Emma","320106200805293093",3
266,1,54,"Emma","320106200805293093",4
267,2,54,"Emma","320106200805293093",4
268,3,54,"Emma","320106200805293093",4
269,4,54,"Emma","320106200805293093",4
270,5,54,"Emma","320106200805293093",4
271,1,55,"Emma","320106200805293093",5
272,2,55,"Emma","320106200805293093",5
273,3,55,"Emma","320106200805293093",5
274,4,55,"Emma","320106200805293093",5
275,5,55,"Emma","320106200805293093",5
276,1,56,"Emma","320106200805293093",6
277,2,56,"Emma","320106200805293093",6
278,3,56,"Emma","320106200805293093",6
279,4,56,"Emma","320106200805293093",6
280,5,56,"Emma","320106200805293093",6
281,1,57,"Emma","320106200805293093",7
282,2,57,"Emma","320106200805293093",7
283,3,57,"Emma","320106200805293093",7
284,4,57,"Emma","320106200805293093",7
285,5,57,"Emma","320106200805293093",7
286,1,58,"Emma","320106200805293093",8
287,2,58,"Emma","320106200805293093",8
288,3,58,"Emma","320106200805293093",8
289,4,58,"Emma","320106200805293093",8
290,5,58,"Emma","320106200805293093",8
291,1,59,"Emma","320106200805293093",9
292,2,59,"Emma","320106200805293093",9
293,3,59,"Emma","320106200805293093",9
294,4,59,"Emma","320106200805293093",9
295,5,59,"Emma","320106200805293093",9
296,1,60,"Emma","320106200805293093",10
297,2,60,"Emma","320106200805293093",10
298,3,60,"Emma","320106200805293093",10
299,4,60,"Emma","320106200805293093",10
300,5,60,"Emma","320106200805293093",10
301,1,61,"Johnson","100200200901010101",1
302,2,61,"Johnson","100200200901010101",1
303,3,61,"Johnson","100200200901010101",1
304,4,61,"Johnson","100200200901010101",1
305,5,61,"Johnson","100200200901010101",1
306,1,62,"Johnson","100200200901010101",2
307,2,62,"Johnson","100200200901010101",2
308,3,62,"Johnson","100200200901010101",2
309,4,62,"Johnson","100200200901010101",2
310,5,62,"Johnson","100200200901010101",2
311,1,63,"Johnson","100200200901010101",3
312,2,63,"Johnson","100200200901010101",3
313,3,63,"Johnson","100200200901010101",3
314,4,63,"Johnson","100200200901010101",3
315,5,63,"Johnson","100200200901010101",3
316,1,64,"Johnson","100200200901010101",4
317,2,64,"Johnson","100200200901010101",4
318,3,64,"Johnson","100200200901010101",4
319,4,64,"Johnson","100200200901010101",4
320,5,64,"Johnson","100200200901010101",4
321,1,65,"Johnson","100200200901010101",5
322,2,65,"Johnson","100200200901010101",5
323,3,65,"Johnson","100200200901010101",5
324,4,65,"Johnson","100200200901010101",5
325,5,65,"Johnson","100200200901010101",5
326,1,66,"Johnson","100200200901010101",6
327,2,66,"Johnson","100200200901010101",6
328,3,66,"Johnson","100200200901010101",6
329,4,66,"Johnson","100200200901010101",6
330,5,66,"Johnson","100200200901010101",6
331,1,67,"Johnson","100200200901010101",7
332,2,67,"Johnson","100200200901010101",7
333,3,67,"Johnson","100200200901010101",7
334,4,67,"Johnson","100200200901010101",7
335,5,67,"Johnson","100200200901010101",7
336,1,68,"Johnson","100200200901010101",8
337,2,68,"Johnson","100200200901010101",8
338,3,68,"Johnson","100200200901010101",8
339,4,68,"Johnson","100200200901010101",8
340,5,68,"Johnson","100200200901010101",8
341,1,69,"Johnson","100200200901010101",9
342,2,69,"Johnson","100200200901010101",9
343,3,69,"Johnson","100200200901010101",9
344,4,69,"Johnson","100200200901010101",9
345,5,69,"Johnson","100200200901010101",9
346,1,70,"Johnson","100200200901010101",10
347,2,70,"Johnson","100200200901010101",10
348,3,70,"Johnson","100200200901010101",10
349,4,70,"Johnson","100200200901010101",10
350,5,70,"Johnson","100200200901010101",10
351,1,71,"YangDong","980378198206045789",1
352,2,71,"YangDong","980378198206045789",1
353,3,71,"YangDong","980378198206045789",1
354,4,71,"YangDong","980378198206045789",1
355,5,71,"YangDong","980378198206045789",1
356,1,72,"YangDong","980378198206045789",2
357,2,72,"YangDong","980378198206045789",2
358,3,72,"YangDong","980378198206045789",2
359,4,72,"YangDong","980378198206045789",2
360,5,72,"YangDong","980378198206045789",2
361,1,73,"YangDong","980378198206045789",3
362,2,73,"YangDong","980378198206045789",3
363,3,73,"YangDong","980378198206045789",3
364,4,73,"YangDong","980378198206045789",3
365,5,73,"YangDong","980378198206045789",3
366,1,74,"YangDong","980378198206045789",4
367,2,74,"YangDong","980378198206045789",4
368,3,74,"YangDong","980378198206045789",4
369,4,74,"YangDong","980378198206045789",4
370,5,74,"YangDong","980378198206045789",4
371,1,75,"YangDong","980378198206045789",5
372,2,75,"YangDong","980378198206045789",5
373,3,75,"YangDong","980378198206045789",5
374,4,75,"YangDong","980378198206045789",5
375,5,75,"YangDong","980378198206045789",5
376,1,76,"YangDong","980378198206045789",6
377,2,76,"YangDong","980378198206045789",6
378,3,76,"YangDong","980378198206045789",6
379,4,76,"YangDong","980378198206045789",6
380,5,76,"YangDong","980378198206045789",6
381,1,77,"YangDong","980378198206045789",7
382,2,77,"YangDong","980378198206045789",7
383,3,77,"YangDong","980378198206045789",7
384,4,77,"YangDong","980378198206045789",7
385,5,77,"YangDong","980378198206045789",7
386,1,78,"YangDong","980378198206045789",8
387,2,78,"YangDong","980378198206045789",8
388,3,78,"YangDong","980378198206045789",8
389,4,78,"YangDong","980378198206045789",8
390,5,78,"YangDong","980378198206045789",8
391,1,79,"YangDong","980378198206045789",9
392,2,79,"YangDong","980378198206045789",9
393,3,79,"YangDong","980378198206045789",9
394,4,79,"YangDong","980378198206045789",9
395,5,79,"YangDong","980378198206045789",9
396,1,80,"YangDong","980378198206045789",10
397,2,80,"YangDong","980378198206045789",10
398,3,80,"YangDong","980378198206045789",10
399,4,80,"YangDong","980378198206045789",10
400,5,80,"YangDong","980378198206045789",10
401,1,81,"Alex","321090195506058934",1
402,2,81,"Alex","321090195506058934",1
403,3,81,"Alex","321090195506058934",1
404,4,81,"Alex","321090195506058934",1
405,5,81,"Alex","321090195506058934",1
406,1,82,"Alex","321090195506058934",2
407,2,82,"Alex","321090195506058934",2
408,3,82,"Alex","321090195506058934",2
409,4,82,"Alex","321090195506058934",2
410,5,82,"Alex","321090195506058934",2
411,1,83,"Alex","321090195506058934",3
412,2,83,"Alex","321090195506058934",3
413,3,83,"Alex","321090195506058934",3
414,4,83,"Alex","321090195506058934",3
415,5,83,"Alex","321090195506058934",3
416,1,84,"Alex","321090195506058934",4
417,2,84,"Alex","321090195506058934",4
418,3,84,"Alex","321090195506058934",4
419,4,84,"Alex","321090195506058934",4
420,5,84,"Alex","321090195506058934",4
421,1,85,"Alex","321090195506058934",5
422,2,85,"Alex","321090195506058934",5
423,3,85,"Alex","321090195506058934",5
424,4,85,"Alex","321090195506058934",5
425,5,85,"Alex","321090195506058934",5
426,1,86,"Alex","321090195506058934",6
427,2,86,"Alex","321090195506058934",6
428,3,86,"Alex","321090195506058934",6
429,4,86,"Alex","321090195506058934",6
430,5,86,"Alex","321090195506058934",6
431,1,87,"Alex","321090195506058934",7
432,2,87,"Alex","321090195506058934",7
433,3,87,"Alex","321090195506058934",7
434,4,87,"Alex","321090195506058934",7
435,5,87,"Alex","321090195506058934",7
436,1,88,"Alex","321090195506058934",8
437,2,88,"Alex","321090195506058934",8
438,3,88,"Alex","321090195506058934",8
439,4,88,"Alex","321090195506058934",8
440,5,88,"Alex","321090195506058934",8
441,1,89,"Alex","321090195506058934",9
442,2,89,"Alex","321090195506058934",9
443,3,89,"Alex","321090195506058934",9
444,4,89,"Alex","321090195506058934",9
445,5,89,"Alex","321090195506058934",9
446,1,90,"Alex","321090195506058934",10
447,2,90,"Alex","321090195506058934",10
448,3,90,"Alex","321090195506058934",10
449,4,90,"Alex","321090195506058934",10
450,5,90,"Alex","321090195506058934",10
451,1,91,"Croci","320101198009188237",1
452,2,91,"Croci","320101198009188237",1
453,3,91,"Croci","320101198009188237",1
454,4,91,"Croci","320101198009188237",1
455,5,91,"Croci","320101198009188237",1
456,1,92,"Croci","320101198009188237",2
457,2,92,"Croci","320101198009188237",2
458,3,92,"Croci","320101198009188237",2
459,4,92,"Croci","320101198009188237",2
460,5,92,"Croci","320101198009188237",2
461,1,93,"Croci","320101198009188237",3
462,2,93,"Croci","320101198009188237",3
463,3,93,"Croci","320101198009188237",3
464,4,93,"Croci","320101198009188237",3
465,5,93,"Croci","320101198009188237",3
466,1,94,"Croci","320101198009188237",4
467,2,94,"Croci","320101198009188237",4
468,3,94,"Croci","320101198009188237",4
469,4,94,"Croci","320101198009188237",4
470,5,94,"Croci","320101198009188237",4
471,1,95,"Croci","320101198009188237",5
472,2,95,"Croci","320101198009188237",5
473,3,95,"Croci","320101198009188237",5
474,4,95,"Croci","320101198009188237",5
475,5,95,"Croci","320101198009188237",5
476,1,96,"Croci","320101198009188237",6
477,2,96,"Croci","320101198009188237",6
478,3,96,"Croci","320101198009188237",6
479,4,96,"Croci","320101198009188237",6
480,5,96,"Croci","320101198009188237",6
481,1,97,"Croci","320101198009188237",7
482,2,97,"Croci","320101198009188237",7
483,3,97,"Croci","320101198009188237",7
484,4,97,"Croci","320101198009188237",7
485,5,97,"Croci","320101198009188237",7
486,1,98,"Croci","320101198009188237",8
487,2,98,"Croci","320101198009188237",8
488,3,98,"Croci","320101198009188237",8
489,4,98,"Croci","320101198009188237",8
490,5,98,"Croci","320101198009188237",8
491,1,99,"Croci","320101198009188237",9
492,2,99,"Croci","320101198009188237",9
493,3,99,"Croci","320101198009188237",9
494,4,99,"Croci","320101198009188237",9
495,5,99,"Croci","320101198009188237",9
496,1,100,"Croci","320101198009188237",10
497,2,100,"Croci","320101198009188237",10
498,3,100,"Croci","320101198009188237",10
499,4,100,"Croci","320101198009188237",10
500,5,100,"Croci","320101198009188237",10
501,6,101,"James","1000001",2
502,7,102,"Joke","1000002",3
503,8,103,"Pond","1000003",4
504,9,104,"Kevin","1000004",5
505,10,105,"Adobe","1000005",6
506,11,106,"Apple","1000006",7
507,12,107,"Amazon","1000007",8
508,13,108,"Wood","1000008",9
509,14,109,"Field","1000009",10
510,15,110,"Ford","1000010",11
511,16,111,"Street","1000011",12
512,17,112,"Cliff","1000012",13
513,18,113,"Tree","1000013",14
514,19,114,"Lane","1000014",15
515,20,115,"Bush","1000015",16
516,6,116,"Brook","1000016",17
517,7,117,"Love","1000017",18
518,8,118,"Lake","1000018",19
519,9,119,"Forest","1000019",20
520,10,120,"Parker","1000020",21
521,11,121,"Good","1000021",22
522,12,122,"Goodwin","1000022",23
523,13,123,"Jordan","1000023",24
524,14,124,"Newton","1000024",25
525,15,125,"Baker","1000025",26
526,16,126,"Web","1000026",27
527,17,127,"Win","1000027",28
528,18,128,"Webster","1000028",29
529,19,129,"Zoo","1000029",30
530,20,130,"Price","1000030",31
531,6,131,"Prince","1000031",32
532,7,132,"King","1000032",33
533,8,133,"Henry","1000033",34
534,9,134,"House","1000034",35
535,10,135,"Wall","1000035",36
536,11,136,"George","1000036",37
537,12,137,"Edward","1000037",38
538,13,138,"Smith","1000038",39
539,14,139,"Jones","1000039",40
540,15,140,"Taylor","1000040",41
541,16,141,"Williams","1000041",42
542,17,142,"Roberts","1000042",43
543,18,143,"Wright","1000043",44
544,19,144,"Green","1000044",45
545,20,145,"Hall","1000045",46
546,6,146,"Lewis","1000046",47
547,7,147,"Clarke","1000047",48
548,8,148,"White","1000048",49
549,9,149,"Blue","1000049",50
550,10,150,"Red","1000050",51
551,11,151,"Yellow","1000051",52
552,12,152,"Brown","1000052",53
553,13,153,"Jackson","1000053",54
554,14,154,"Harris","1000054",55
555,15,155,"Stewart","1000055",56
556,16,156,"Scott","1000056",57
557,17,157,"Anderson","1000057",58
558,18,158,"Reid","1000058",59
559,19,159,"Murray","1000059",60
560,20,160,"Pater","1000060",61
561,6,161,"Move","1000061",62
562,7,162,"Think","1000062",63
563,8,163,"Peer","1000063",64
564,9,164,"Delete","1000064",65
565,10,165,"Back","1000065",66
566,11,166,"End","1000066",67
567,12,167,"Escape","1000067",68
568,13,168,"Shift","1000068",69
569,14,169,"Swift","1000069",70
570,15,170,"Google","1000070",71
571,16,171,"Micro","1000071",72
572,17,172,"Soft","1000072",73
573,18,173,"Pad","1000073",74
574,19,174,"May","1000074",75
575,20,175,"Follow","1000075",76
576,6,176,"Gray","1000076",77
577,7,177,"Martin","1000077",78
578,8,178,"Allan","1000078",79
579,9,179,"Kelly","1000079",80
580,10,180,"Bell","1000080",81
581,11,181,"Kerr","1000081",82
582,12,182,"Hunter","1000082",83
583,13,183,"Black","1000083",84
584,14,184,"Moore","1000084",85
585,15,185,"Wilson","1000085",86
586,16,186,"Moore","1000086",87
587,17,187,"Baker","1000087",88
588,18,188,"Campbell","1000088",89
589,19,189,"Evans","1000089",90
590,20,190,"Turner","1000090",91
591,6,191,"Phillips","1000091",92
592,7,192,"Lopez","1000092",93
593,8,193,"Tim","1000093",94
594,9,194,"Cook","1000094",95
595,10,195,"Jobs","1000095",96
596,11,196,"Cox","1000096",97
597,12,197,"Murphy","1000097",98
598,13,198,"Coleman","1000098",99
599,14,199,"Butler","1000099",100
600,15,200,"Washington","1000100",101
601,1,101,"James","1000001",56
602,2,102,"Joke","1000002",56
603,3,103,"Pond","1000003",56
604,4,104,"Kevin","1000004",56
605,5,105,"Adobe","1000005",56
606,6,106,"Apple","1000006",56
607,7,107,"Amazon","1000007",56
608,8,108,"Wood","1000008",56
609,9,109,"Field","1000009",56
610,10,110,"Ford","1000010",56
611,11,111,"Street","1000011",56
612,12,112,"Cliff","1000012",56
613,13,113,"Tree","1000013",56
614,14,114,"Lane","1000014",3
615,15,115,"Bush","1000015",3
616,16,116,"Brook","1000016",3
617,17,117,"Love","1000017",3
618,18,118,"Lake","1000018",3
619,19,119,"Forest","1000019",3
620,20,120,"Parker","1000020",3
621,1,121,"Good","1000021",3
622,2,122,"Goodwin","1000022",3
623,3,123,"Jordan","1000023",3
624,4,124,"Newton","1000024",3
625,5,125,"Baker","1000025",3
626,6,126,"Web","1000026",3
627,7,127,"Win","1000027",3
628,8,128,"Webster","1000028",3
629,9,129,"Zoo","1000029",3
630,10,130,"Price","1000030",3
631,11,131,"Prince","1000031",3
632,12,132,"King","1000032",3
633,13,133,"Henry","1000033",3
634,14,134,"House","1000034",3
635,15,135,"Wall","1000035",3
636,16,136,"George","1000036",3
637,17,137,"Edward","1000037",3
638,18,138,"Smith","1000038",3
639,19,139,"Jones","1000039",3
640,20,140,"Taylor","1000040",3
641,1,141,"Williams","1000041",3
642,2,142,"Roberts","1000042",3
643,3,143,"Wright","1000043",3
644,4,144,"Green","1000044",3
645,5,145,"Hall","1000045",3
646,6,146,"Lewis","1000046",3
647,7,147,"Clarke","1000047",3
648,8,148,"White","1000048",3
649,9,149,"Blue","1000049",3
650,10,150,"Red","1000050",3
651,11,151,"Yellow","1000051",3
652,12,152,"Brown","1000052",3
653,13,153,"Jackson","1000053",3
654,14,154,"Harris","1000054",3
655,15,155,"Stewart","1000055",3
656,16,156,"Scott","1000056",3
657,17,157,"Anderson","1000057",3
658,18,158,"Reid","1000058",3
659,19,159,"Murray","1000059",3
660,20,160,"Pater","1000060",3
661,1,161,"Move","1000061",3
662,2,162,"Think","1000062",3
663,3,163,"Peer","1000063",3
664,4,164,"Delete","1000064",3
665,5,165,"Back","1000065",3
666,6,166,"End","1000066",3
667,7,167,"Escape","1000067",3
668,8,168,"Shift","1000068",3
669,9,169,"Swift","1000069",3
670,10,170,"Google","1000070",3
671,11,171,"Micro","1000071",3
672,12,172,"Soft","1000072",3
673,13,173,"Pad","1000073",3
674,14,174,"May","1000074",3
675,15,175,"Follow","1000075",3
676,16,176,"Gray","1000076",3
677,17,177,"Martin","1000077",3
678,18,178,"Allan","1000078",3
679,19,179,"Kelly","1000079",3
680,20,180,"Bell","1000080",3
681,1,181,"Kerr","1000081",3
682,2,182,"Hunter","1000082",3
683,3,183,"Black","1000083",3
684,4,184,"Moore","1000084",3
685,5,185,"Wilson","1000085",3
686,6,186,"Moore","1000086",3
687,7,187,"Baker","1000087",3
688,8,188,"Campbell","1000088",3
689,9,189,"Evans","1000089",3
690,10,190,"Turner","1000090",3
691,11,191,"Phillips","1000091",3
692,12,192,"Lopez","1000092",3
693,13,193,"Tim","1000093",3
694,14,194,"Cook","1000094",3
695,15,195,"Jobs","1000095",3
696,16,196,"Cox","1000096",3
697,17,197,"Murphy","1000097",3
698,18,198,"Coleman","1000098",3
699,19,199,"Butler","1000099",3
700,20,200,"Washington","1000100",3
701,1,101,"James","1000001",3
702,2,102,"Joke","1000002",3
703,3,103,"Pond","1000003",3
704,4,104,"Kevin","1000004",3
705,5,105,"Adobe","1000005",3
706,6,106,"Apple","1000006",3
707,7,107,"Amazon","1000007",3
708,8,108,"Wood","1000008",3
709,9,109,"Field","1000009",3
710,10,110,"Ford","1000010",3
711,11,111,"Street","1000011",3
712,12,112,"Cliff","1000012",3
713,13,113,"Tree","1000013",3
714,14,114,"Lane","1000014",3
715,15,115,"Bush","1000015",3
716,16,116,"Brook","1000016",3
717,17,117,"Love","1000017",3
718,18,118,"Lake","1000018",3
719,19,119,"Forest","1000019",3
720,20,120,"Parker","1000020",3
721,1,121,"Good","1000021",3
722,2,122,"Goodwin","1000022",3
723,3,123,"Jordan","1000023",3
724,4,124,"Newton","1000024",3
725,5,125,"Baker","1000025",3
726,6,126,"Web","1000026",3
727,7,127,"Win","1000027",3
728,8,128,"Webster","1000028",3
729,9,129,"Zoo","1000029",3
730,10,130,"Price","1000030",3
731,11,131,"Prince","1000031",3
732,12,132,"King","1000032",3
733,13,133,"Henry","1000033",3
734,14,134,"House","1000034",3
735,15,135,"Wall","1000035",3
736,16,136,"George","1000036",3
737,17,137,"Edward","1000037",3
738,18,138,"Smith","1000038",3
739,19,139,"Jones","1000039",3
740,20,140,"Taylor","1000040",3
741,1,141,"Williams","1000041",3
742,2,142,"Roberts","1000042",3
743,3,143,"Wright","1000043",3
744,4,144,"Green","1000044",3
745,5,145,"Hall","1000045",3
746,6,146,"Lewis","1000046",3
747,7,147,"Clarke","1000047",3
748,8,148,"White","1000048",3
749,9,149,"Blue","1000049",3
750,10,150,"Red","1000050",3
751,11,151,"Yellow","1000051",3
752,12,152,"Brown","1000052",3
753,13,153,"Jackson","1000053",3
754,14,154,"Harris","1000054",3
755,15,155,"Stewart","1000055",3
756,16,156,"Scott","1000056",3
757,17,157,"Anderson","1000057",3
758,18,158,"Reid","1000058",3
759,19,159,"Murray","1000059",3
760,20,160,"Pater","1000060",3
761,1,161,"Move","1000061",3
762,2,162,"Think","1000062",3
763,3,163,"Peer","1000063",3
764,4,164,"Delete","1000064",3
765,5,165,"Back","1000065",3
766,6,166,"End","1000066",3
767,7,167,"Escape","1000067",3
768,8,168,"Shift","1000068",3
769,9,169,"Swift","1000069",3
770,10,170,"Google","1000070",3
771,11,171,"Micro","1000071",3
772,12,172,"Soft","1000072",3
773,13,173,"Pad","1000073",3
774,14,174,"May","1000074",3
775,15,175,"Follow","1000075",3
776,16,176,"Gray","1000076",3
777,17,177,"Martin","1000077",3
778,18,178,"Allan","1000078",3
779,19,179,"Kelly","1000079",3
780,20,180,"Bell","1000080",3
781,1,181,"Kerr","1000081",3
782,2,182,"Hunter","1000082",3
783,3,183,"Black","1000083",3
784,4,184,"Moore","1000084",3
785,5,185,"Wilson","1000085",3
786,6,186,"Moore","1000086",3
787,7,187,"Baker","1000087",3
788,8,188,"Campbell","1000088",3
789,9,189,"Evans","1000089",3
790,10,190,"Turner","1000090",3
791,11,191,"Phillips","1000091",3
792,12,192,"Lopez","1000092",3
793,13,193,"Tim","1000093",3
794,14,194,"Cook","1000094",3
795,15,195,"Jobs","1000095",3
796,16,196,"Cox","1000096",3
797,17,197,"Murphy","1000097",3
798,18,198,"Coleman","1000098",3
799,19,199,"Butler","1000099",3
800,20,200,"Washington","1000100",3
801,1,101,"James","1000001",3
802,2,102,"Joke","1000002",3
803,3,103,"Pond","1000003",3
804,4,104,"Kevin","1000004",3
805,5,105,"Adobe","1000005",3
806,6,106,"Apple","1000006",3
807,7,107,"Amazon","1000007",3
808,8,108,"Wood","1000008",3
809,9,109,"Field","1000009",3
810,10,110,"Ford","1000010",3
811,11,111,"Street","1000011",3
812,12,112,"Cliff","1000012",3
813,13,113,"Tree","1000013",3
814,14,114,"Lane","1000014",3
815,15,115,"Bush","1000015",3
816,16,116,"Brook","1000016",3
817,17,117,"Love","1000017",3
818,18,118,"Lake","1000018",3
819,19,119,"Forest","1000019",3
820,20,120,"Parker","1000020",3
821,1,121,"Good","1000021",3
822,2,122,"Goodwin","1000022",3
823,3,123,"Jordan","1000023",3
824,4,124,"Newton","1000024",3
825,5,125,"Baker","1000025",3
826,6,126,"Web","1000026",3
827,7,127,"Win","1000027",3
828,8,128,"Webster","1000028",3
829,9,129,"Zoo","1000029",3
830,10,130,"Price","1000030",3
831,11,131,"Prince","1000031",3
832,12,132,"King","1000032",3
833,13,133,"Henry","1000033",3
834,14,134,"House","1000034",3
835,15,135,"Wall","1000035",3
836,16,136,"George","1000036",3
837,17,137,"Edward","1000037",3
838,18,138,"Smith","1000038",3
839,19,139,"Jones","1000039",3
840,20,140,"Taylor","1000040",3
841,1,141,"Williams","1000041",3
842,2,142,"Roberts","1000042",3
843,3,143,"Wright","1000043",3
844,4,144,"Green","1000044",3
845,5,145,"Hall","1000045",3
846,6,146,"Lewis","1000046",3
847,7,147,"Clarke","1000047",3
848,8,148,"White","1000048",3
849,9,149,"Blue","1000049",3
850,10,150,"Red","1000050",3
851,11,151,"Yellow","1000051",3
852,12,152,"Brown","1000052",3
853,13,153,"Jackson","1000053",3
854,14,154,"Harris","1000054",3
855,15,155,"Stewart","1000055",3
856,16,156,"Scott","1000056",3
857,17,157,"Anderson","1000057",3
858,18,158,"Reid","1000058",3
859,19,159,"Murray","1000059",3
860,20,160,"Pater","1000060",3
861,1,161,"Move","1000061",3
862,2,162,"Think","1000062",3
863,3,163,"Peer","1000063",3
864,4,164,"Delete","1000064",3
865,5,165,"Back","1000065",3
866,6,166,"End","1000066",3
867,7,167,"Escape","1000067",1
868,8,168,"Shift","1000068",2
869,9,169,"Swift","1000069",3
870,10,170,"Google","1000070",4
871,11,171,"Micro","1000071",5
872,12,172,"Soft","1000072",6
873,13,173,"Pad","1000073",7
874,14,174,"May","1000074",8
875,15,175,"Follow","1000075",9
876,16,176,"Gray","1000076",10
877,17,177,"Martin","1000077",11
878,18,178,"Allan","1000078",12
879,19,179,"Kelly","1000079",13
880,20,180,"Bell","1000080",14
881,1,181,"Kerr","1000081",15
882,2,182,"Hunter","1000082",16
883,3,183,"Black","1000083",17
884,4,184,"Moore","1000084",18
885,5,185,"Wilson","1000085",19
886,6,186,"Moore","1000086",20
887,7,187,"Baker","1000087",21
888,8,188,"Campbell","1000088",22
889,9,189,"Evans","1000089",23
890,10,190,"Turner","1000090",24
891,11,191,"Phillips","1000091",25
892,12,192,"Lopez","1000092",26
893,13,193,"Tim","1000093",27
894,14,194,"Cook","1000094",28
895,15,195,"Jobs","1000095",29
896,16,196,"Cox","1000096",30
897,17,197,"Murphy","1000097",31
898,18,198,"Coleman","1000098",32
899,19,199,"Butler","1000099",33
900,20,200,"Washington","1000100",34
901,1,101,"James","1000001",35
902,2,102,"Joke","1000002",36
903,3,103,"Pond","1000003",37
904,4,104,"Kevin","1000004",38
905,5,105,"Adobe","1000005",39
906,6,106,"Apple","1000006",40
907,7,107,"Amazon","1000007",41
908,8,108,"Wood","1000008",42
909,9,109,"Field","1000009",43
910,10,110,"Ford","1000010",44
911,11,111,"Street","1000011",45
912,12,112,"Cliff","1000012",46
913,13,113,"Tree","1000013",47
914,14,114,"Lane","1000014",48
915,15,115,"Bush","1000015",49
916,16,116,"Brook","1000016",50
917,17,117,"Love","1000017",51
918,18,118,"Lake","1000018",52
919,19,119,"Forest","1000019",53
920,20,120,"Parker","1000020",54
921,1,121,"Good","1000021",55
922,2,122,"Goodwin","1000022",56
923,3,123,"Jordan","1000023",57
924,4,124,"Newton","1000024",58
925,5,125,"Baker","1000025",59
926,6,126,"Web","1000026",60
927,7,127,"Win","1000027",61
928,8,128,"Webster","1000028",62
929,9,129,"Zoo","1000029",63
930,10,130,"Price","1000030",64
931,11,131,"Prince","1000031",65
932,12,132,"King","1000032",66
933,13,133,"Henry","1000033",67
934,14,134,"House","1000034",68
935,15,135,"Wall","1000035",69
936,16,136,"George","1000036",70
937,17,137,"Edward","1000037",71
938,18,138,"Smith","1000038",72
939,19,139,"Jones","1000039",73
940,20,140,"Taylor","1000040",74
941,1,141,"Williams","1000041",75
942,2,142,"Roberts","1000042",76
943,3,143,"Wright","1000043",77
944,4,144,"Green","1000044",78
945,5,145,"Hall","1000045",79
946,6,146,"Lewis","1000046",80
947,7,147,"Clarke","1000047",81
948,8,148,"White","1000048",82
949,9,149,"Blue","1000049",83
950,10,150,"Red","1000050",84
951,11,151,"Yellow","1000051",85
952,12,152,"Brown","1000052",86
953,13,153,"Jackson","1000053",87
954,14,154,"Harris","1000054",88
955,15,155,"Stewart","1000055",89
956,16,156,"Scott","1000056",90
957,17,157,"Anderson","1000057",91
958,18,158,"Reid","1000058",92
959,19,159,"Murray","1000059",93
960,20,160,"Pater","1000060",94
961,1,161,"Move","1000061",95
962,2,162,"Think","1000062",96
963,3,163,"Peer","1000063",97
964,4,164,"Delete","1000064",98
965,5,165,"Back","1000065",99
966,6,166,"End","1000066",100
967,7,167,"Escape","1000067",101
968,8,168,"Shift","1000068",102
969,9,169,"Swift","1000069",103
970,10,170,"Google","1000070",104
971,11,171,"Micro","1000071",105
972,12,172,"Soft","1000072",106
973,13,173,"Pad","1000073",107
974,14,174,"May","1000074",108
975,15,175,"Follow","1000075",109
976,16,176,"Gray","1000076",110
977,17,177,"Martin","1000077",111
978,18,178,"Allan","1000078",112
979,19,179,"Kelly","1000079",113
980,20,180,"Bell","1000080",114
981,1,181,"Kerr","1000081",115
982,2,182,"Hunter","1000082",116
983,3,183,"Black","1000083",117
984,4,184,"Moore","1000084",118
985,5,185,"Wilson","1000085",119
986,6,186,"Moore","1000086",120
987,7,187,"Baker","1000087",121
988,8,188,"Campbell","1000088",122
989,9,189,"Evans","1000089",123
990,10,190,"Turner","1000090",124
991,11,191,"Phillips","1000091",125
992,12,192,"Lopez","1000092",126
993,13,193,"Tim","1000093",127
994,14,194,"Cook","1000094",128
995,15,195,"Jobs","1000095",129
996,16,196,"Cox","1000096",130
997,17,197,"Murphy","1000097",131
998,18,198,"Coleman","1000098",132
999,19,199,"Butler","1000099",133
1000,20,200,"Washington","1000100",134
1001,1,101,"James","1000001",135
1002,2,102,"Joke","1000002",136
1003,3,103,"Pond","1000003",137
1004,4,104,"Kevin","1000004",138
1005,5,105,"Adobe","1000005",139
1006,6,106,"Apple","1000006",140
1007,7,107,"Amazon","1000007",141
1008,8,108,"Wood","1000008",142
1009,9,109,"Field","1000009",143
1010,10,110,"Ford","1000010",144
1011,11,111,"Street","1000011",145
1012,12,112,"Cliff","1000012",146
1013,13,113,"Tree","1000013",147
1014,14,114,"Lane","1000014",148
1015,15,115,"Bush","1000015",149
1016,16,116,"Brook","1000016",150
1017,17,117,"Love","1000017",151
1018,18,118,"Lake","1000018",152
1019,19,119,"Forest","1000019",153
1020,20,120,"Parker","1000020",154
1021,1,121,"Good","1000021",155
1022,2,122,"Goodwin","1000022",156
1023,3,123,"Jordan","1000023",157
1024,4,124,"Newton","1000024",158
1025,5,125,"Baker","1000025",159
1026,6,126,"Web","1000026",160
1027,7,127,"Win","1000027",161
1028,8,128,"Webster","1000028",162
1029,9,129,"Zoo","1000029",163
1030,10,130,"Price","1000030",164
1031,11,131,"Prince","1000031",165
1032,12,132,"King","1000032",166
1033,13,133,"Henry","1000033",167
1034,14,134,"House","1000034",168
1035,15,135,"Wall","1000035",169
1036,16,136,"George","1000036",170
1037,17,137,"Edward","1000037",171
1038,18,138,"Smith","1000038",172
1039,19,139,"Jones","1000039",173
1040,20,140,"Taylor","1000040",174
1041,1,141,"Williams","1000041",175
1042,2,142,"Roberts","1000042",176
1043,3,143,"Wright","1000043",177
1044,4,144,"Green","1000044",178
1045,5,145,"Hall","1000045",179
1046,6,146,"Lewis","1000046",180
1047,7,147,"Clarke","1000047",181
1048,8,148,"White","1000048",182
1049,9,149,"Blue","1000049",183
1050,10,150,"Red","1000050",184
1051,11,151,"Yellow","1000051",185
1052,12,152,"Brown","1000052",186
1053,13,153,"Jackson","1000053",187
1054,14,154,"Harris","1000054",188
1055,15,155,"Stewart","1000055",189
1056,16,156,"Scott","1000056",190
1057,17,157,"Anderson","1000057",191
1058,18,158,"Reid","1000058",192
1059,19,159,"Murray","1000059",193
1060,20,160,"Pater","1000060",194
1061,1,161,"Move","1000061",195
1062,2,162,"Think","1000062",196
1063,3,163,"Peer","1000063",197
1064,4,164,"Delete","1000064",198
1065,5,165,"Back","1000065",199
1066,6,166,"End","1000066",200
1067,7,167,"Escape","1000067",201
1068,8,168,"Shift","1000068",202
1069,9,169,"Swift","1000069",203
1070,10,170,"Google","1000070",204
1071,11,171,"Micro","1000071",205
1072,12,172,"Soft","1000072",206
1073,13,173,"Pad","1000073",207
1074,14,174,"May","1000074",208
1075,15,175,"Follow","1000075",209
1076,16,176,"Gray","1000076",210
1077,17,177,"Martin","1000077",211
1078,18,178,"Allan","1000078",212
1079,19,179,"Kelly","1000079",213
1080,20,180,"Bell","1000080",214
1081,1,181,"Kerr","1000081",215
1082,2,182,"Hunter","1000082",216
1083,3,183,"Black","1000083",217
1084,4,184,"Moore","1000084",218
1085,5,185,"Wilson","1000085",219
1086,6,186,"Moore","1000086",220
1087,7,187,"Baker","1000087",221
1088,8,188,"Campbell","1000088",222
1089,9,189,"Evans","1000089",223
1090,10,190,"Turner","1000090",224
1091,11,191,"Phillips","1000091",225
1092,12,192,"Lopez","1000092",226
1093,13,193,"Tim","1000093",227
1094,14,194,"Cook","1000094",228
1095,15,195,"Jobs","1000095",229
1096,16,196,"Cox","1000096",230
1097,17,197,"Murphy","1000097",231
