1,"Mike","320303197208083283","2013-01-09"
2,"Mike","320303197208083283","2013-02-09"
3,"Mike","320303197208083283","2013-03-09"
4,"Mike","320303197208083283","2013-04-09"
5,"Mike","320303197208083283","2013-05-09"
6,"Mike","320303197208083283","2013-06-09"
7,"Mike","320303197208083283","2013-07-09"
8,"Mike","320303197208083283","2013-08-09"
9,"Mike","320303197208083283","2013-09-09"
10,"Mike","320303197208083283","2013-10-09"
11,"Jane","320106195609013289","2013-01-13"
12,"Jane","320106195609013289","2013-02-13"
13,"Jane","320106195609013289","2013-03-13"
14,"Jane","320106195609013289","2013-04-13"
15,"Jane","320106195609013289","2013-05-13"
16,"Jane","320106195609013289","2013-06-13"
17,"Jane","320106195609013289","2013-07-13"
18,"Jane","320106195609013289","2013-08-13"
19,"Jane","320106195609013289","2013-09-13"
20,"Jane","320106195609013289","2013-10-13"
21,"Brown","124873197803032093","2013-01-06"
22,"Brown","124873197803032093","2013-02-06"
23,"Brown","124873197803032093","2013-03-06"
24,"Brown","124873197803032093","2013-04-06"
25,"Brown","124873197803032093","2013-05-06"
26,"Brown","124873197803032093","2013-06-06"
27,"Brown","124873197803032093","2013-07-06"
28,"Brown","124873197803032093","2013-08-06"
29,"Brown","124873197803032093","2013-09-06"
30,"Brown","124873197803032093","2013-10-06"
31,"SuHai","283982198808082882","2013-01-29"
32,"SuHai","283982198808082882","2013-02-28"
33,"SuHai","283982198808082882","2013-03-29"
34,"SuHai","283982198808082882","2013-04-29"
35,"SuHai","283982198808082882","2013-05-29"
36,"SuHai","283982198808082882","2013-06-29"
37,"SuHai","283982198808082882","2013-07-29"
38,"SuHai","283982198808082882","2013-08-29"
39,"SuHai","283982198808082882","2013-09-29"
40,"SuHai","283982198808082882","2013-10-29"
51,"Emma","320106200805293093","2013-01-23"
52,"Emma","320106200805293093","2013-02-23"
53,"Emma","320106200805293093","2013-03-23"
54,"Emma","320106200805293093","2013-04-23"
55,"Emma","320106200805293093","2013-05-23"
56,"Emma","320106200805293093","2013-06-23"
57,"Emma","320106200805293093","2013-07-23"
58,"Emma","320106200805293093","2013-08-23"
59,"Emma","320106200805293093","2013-09-23"
60,"Emma","320106200805293093","2013-10-23"
41,"Helen","238087199909092345","2014-01-29"
42,"Helen","238087199909092345","2014-02-28"
43,"Helen","238087199909092345","2014-03-29"
44,"Helen","238087199909092345","2014-04-29"
45,"Helen","238087199909092345","2014-05-29"
46,"Helen","238087199909092345","2014-06-29"
47,"Helen","238087199909092345","2014-07-29"
48,"Helen","238087199909092345","2014-08-29"
49,"Helen","238087199909092345","2014-09-29"
50,"Helen","238087199909092345","2014-10-29"
61,"Johnson","100200200901010101","2014-01-02"
62,"Johnson","100200200901010101","2014-02-02"
63,"Johnson","100200200901010101","2014-03-02"
64,"Johnson","100200200901010101","2014-04-02"
65,"Johnson","100200200901010101","2014-05-02"
66,"Johnson","100200200901010101","2014-06-02"
67,"Johnson","100200200901010101","2014-07-02"
68,"Johnson","100200200901010101","2014-08-02"
69,"Johnson","100200200901010101","2014-09-02"
70,"Johnson","100200200901010101","2014-10-02"
71,"YangDong","980378198206045789","2014-01-10"
72,"YangDong","980378198206045789","2014-02-10"
73,"YangDong","980378198206045789","2014-03-10"
74,"YangDong","980378198206045789","2014-04-10"
75,"YangDong","980378198206045789","2014-05-10"
76,"YangDong","980378198206045789","2014-06-10"
77,"YangDong","980378198206045789","2014-07-10"
78,"YangDong","980378198206045789","2014-08-10"
79,"YangDong","980378198206045789","2014-09-10"
80,"YangDong","980378198206045789","2014-10-10"
81,"Alex","321090195506058934","2013-01-11"
82,"Alex","321090195506058934","2013-02-11"
83,"Alex","321090195506058934","2013-03-11"
84,"Alex","321090195506058934","2013-04-11"
85,"Alex","321090195506058934","2013-05-11"
86,"Alex","321090195506058934","2013-06-11"
87,"Alex","321090195506058934","2013-07-11"
88,"Alex","321090195506058934","2013-08-11"
89,"Alex","321090195506058934","2013-09-11"
90,"Alex","321090195506058934","2013-10-11"
91,"Croci","320101198009188237","2014-01-11"
92,"Croci","320101198009188237","2014-02-11"
93,"Croci","320101198009188237","2014-03-11"
94,"Croci","320101198009188237","2014-04-11"
95,"Croci","320101198009188237","2014-05-11"
96,"Croci","320101198009188237","2014-06-11"
97,"Croci","320101198009188237","2014-07-11"
98,"Croci","320101198009188237","2014-08-11"
99,"Croci","320101198009188237","2014-09-11"
100,"Croci","320101198009188237","2014-10-11"
101,"James","1000001","2013-4-11"
102,"Joke","1000002","2013-4-12"
103,"Pond","1000003","2013-4-13"
104,"Kevin","1000004","2013-4-14"
105,"Adobe","1000005","2013-4-15"
106,"Apple","1000006","2013-4-16"
107,"Amazon","1000007","2013-4-17"
108,"Wood","1000008","2013-4-18"
109,"Field","1000009","2013-4-19"
110,"Ford","1000010","2013-4-20"
111,"Street","1000011","2013-4-21"
112,"Cliff","1000012","2013-4-22"
113,"Tree","1000013","2013-4-23"
114,"Lane","1000014","2013-4-24"
115,"Bush","1000015","2014-6-25"
116,"Brook","1000016","2014-6-26"
117,"Love","1000017","2014-6-27"
118,"Lake","1000018","2014-6-28"
119,"Forest","1000019","2014-6-29"
120,"Parker","1000020","2014-6-30"
121,"Good","1000021","2014-7-1"
122,"Goodwin","1000022","2014-7-2"
123,"Jordan","1000023","2014-7-3"
124,"Newton","1000024","2014-7-4"
125,"Baker","1000025","2014-7-5"
126,"Web","1000026","2014-7-6"
127,"Win","1000027","2014-7-7"
128,"Webster","1000028","2014-7-8"
129,"Zoo","1000029","2014-7-9"
130,"Price","1000030","2014-7-10"
131,"Prince","1000031","2014-7-11"
132,"King","1000032","2014-7-12"
133,"Henry","1000033","2014-7-13"
134,"House","1000034","2014-7-14"
135,"Wall","1000035","2014-7-15"
136,"George","1000036","2014-7-16"
137,"Edward","1000037","2014-7-17"
138,"Smith","1000038","2014-7-18"
139,"Jones","1000039","2014-7-19"
140,"Taylor","1000040","2014-7-20"
141,"Williams","1000041","2014-7-21"
142,"Roberts","1000042","2014-7-22"
143,"Wright","1000043","2014-7-23"
144,"Green","1000044","2014-7-24"
145,"Hall","1000045","2014-7-25"
146,"Lewis","1000046","2014-7-26"
147,"Clarke","1000047","2014-7-27"
148,"White","1000048","2014-7-28"
149,"Blue","1000049","2014-7-29"
150,"Red","1000050","2014-7-30"
151,"Yellow","1000051","2014-7-31"
152,"Brown","1000052","2014-8-1"
153,"Jackson","1000053","2014-8-2"
154,"Harris","1000054","2014-8-3"
155,"Stewart","1000055","2014-8-4"
156,"Scott","1000056","2014-8-5"
157,"Anderson","1000057","2014-8-6"
158,"Reid","1000058","2014-8-7"
159,"Murray","1000059","2014-8-8"
160,"Pater","1000060","2014-8-9"
161,"Move","1000061","2014-8-10"
162,"Think","1000062","2014-8-11"
163,"Peer","1000063","2014-8-12"
164,"Delete","1000064","2014-8-13"
165,"Back","1000065","2014-8-14"
166,"End","1000066","2014-8-15"
167,"Escape","1000067","2014-8-16"
168,"Shift","1000068","2014-8-17"
169,"Swift","1000069","2014-8-18"
170,"Google","1000070","2014-8-19"
171,"Micro","1000071","2014-8-20"
172,"Soft","1000072","2014-8-21"
173,"Pad","1000073","2014-8-22"
174,"May","1000074","2014-8-23"
175,"Follow","1000075","2014-8-24"
176,"Gray","1000076","2014-8-25"
177,"Martin","1000077","2014-8-26"
178,"Allan","1000078","2014-8-27"
179,"Kelly","1000079","2014-8-28"
180,"Bell","1000080","2014-8-29"
181,"Kerr","1000081","2014-8-30"
182,"Hunter","1000082","2014-8-31"
183,"Black","1000083","2014-9-1"
184,"Moore","1000084","2014-9-2"
185,"Wilson","1000085","2014-9-3"
186,"Moore","1000086","2014-9-4"
187,"Baker","1000087","2014-9-5"
188,"Campbell","1000088","2014-9-6"
189,"Evans","1000089","2014-9-7"
190,"Turner","1000090","2014-9-8"
191,"Phillips","1000091","2014-9-9"
192,"Lopez","1000092","2014-9-10"
193,"Tim","1000093","2014-9-11"
194,"Cook","1000094","2014-9-12"
195,"Jobs","1000095","2014-9-13"
196,"Cox","1000096","2014-9-14"
197,"Murphy","1000097","2014-9-15"
198,"Coleman","1000098","2014-9-16"
199,"Butler","1000099","2014-9-17"
200,"Washington","1000100","2014-9-18"
